,first_characters,names,alias,score
0,ma,manantial,manantial,100
1,sk,skinnygirl wines,skinnygirl wines,100
2,ma,marziale coolinaria,marziale coolinaria,100
3,be,beauty beee,beauty beee,100
4,gu,gustoso products,gustoso products,100
5,ka,katz coffee,katz coffee,100
6,la,laboratorios compania farmaceutica,laboratorios compania farmaceutica,100
7,ro,royal bourbon industries,royal bourbon industries,100
8,st,style nanda,style nanda,100
9,no,notions global,notions global,100
10,fa,fangyuan food,fangyuan food,100
11,ya,yala yala,yala yala,100
12,ne,new wechsler,new wechsler,100
13,hi,hiratake food,hiratake food,100
14,si,sicher impex,sicher impex,100
15,fa,fanfaria trading,fanfaria trading,100
16,gh,ghandour cosmetics,ghandour cosmetics,100
17,ad,adelholzener alpenquellen,adelholzener alpenquellen,100
18,no,novartis,novartis,100
19,hi,highlands rice,highlands rice,100
20,el,elit çikolata sekerleme san,elit çikolata sekerleme san,100
21,mi,milchwerke thüringen,milchwerke thüringen,100
22,st,stampede meat,stampede meat,100
23,al,alamo distilling comany,alamo distilling comany,100
24,pr,praba food industries,praba food industries,100
25,di,distribuidora de especiarias crowne,distribuidora de especiarias crowne,100
26,sa,saveurs gourmandes,saveurs gourmandes,100
27,ze,zeltica global health,zeltica global health,100
28,1 ,1 aya peterburgskaya makaronnaya fabrika,1 aya peterburgskaya makaronnaya fabrika,100
29,ji,jing dong pharmacy,jing dong pharmacy,100
30,al,alta cosmetica,alta cosmetica,100
31,ve,verona products,verona products,100
32,re,real beverage,real beverage,100
33,zo,zona sul,zona sul,100
34,ka,kana labo,kana labo,100
35,co,cooperativa juriti,cooperativa juriti,100
36,ca,campbell soup,campbell soup,100
37,ma,magdiel foods,magdiel foods,100
38,mi,ming cheng food,ming cheng food,100
39,la,laboratoire pharmaplus,laboratoire pharmaplus,100
40,va,valsoia,valsoia,100
41,mj,mjengo,mjengo,100
42,al,al kabeer exports,al kabeer exports,100
43,pr,premier comércio de alimentos,premier comércio de alimentos,100
44,or,oriflame,oriflame,100
45,ta,tan alize kozmetik,tan alize kozmetik,100
46,la,la sibila,la sibila,100
47,ar,arabian food industries company domty,arabian food industries company domty,100
48,ss,ssg pharma,ssg pharma,100
49,yo,youyuan liangyou,youyuan liangyou,100
50,tr,truth worldwide,truth worldwide,100
51,st,styl',styl',100
52,na,nature's path foods,nature's path foods,100
53,al,aloés piraí,aloés piraí,100
54,sa,saint bernard,saint bernard,100
55,pu,pure ingredients,pure ingredients,100
56,vi,vitalab,vitalab,100
57,ve,vestige,vestige,100
58,vi,vincon vrancea,vincon vrancea,100
59,bo,boozeme,boozeme,100
60,ae,aeropac industrial,aeropac industrial,100
61,lo,loyal friend pet,loyal friend pet,100
62,le,les arômes du maroc,les arômes du maroc,100
63,ba,ba con tho,ba con tho,100
64,du,durian tree manufacturer,durian tree manufacturer,100
65,je,jelly babe marketing,jelly babe marketing,100
66,ro,rooster,rooster,100
67,ka,kavli,kavli,100
68,he,hemp,hemp,100
69,fe,femar indústria e comércio de bebidas,femar indústria e comércio de bebidas,100
70,dy,dynamix international,dynamix international,100
71,mo,morshyns'kyy zavod mineral'nykh vod oskar,morshyns'kyy zavod mineral'nykh vod oskar,100
72,ji,jiraporn food,jiraporn food,100
73,mp,mpk noril'skiy,mpk noril'skiy,100
74,ba,barros jacome,barros jacome,100
75,xi,xi yu sheng yuan fruit,xi yu sheng yuan fruit,100
76,al,alliance select food international,alliance select food international,100
77,to,tong hop,tong hop,100
78,co,cofine industrie,cofine industrie,100
79,ra,rawpothecary,rawpothecary,100
80,ce,cepaproduccion,cepaproduccion,100
81,te,tenfu tea,tenfu tea,100
82,jo,jorgen kruuse,jorgen kruuse,100
83,pe,pernod ricard,pernod ricard,100
84,bi,biosan,biosan,100
85,sp,spring creek,spring creek,100
86,he,herbamed laboratorio nutraceutico,herbamed laboratorio nutraceutico,100
87,ed,eden food,eden food,100
88,pi,pinto fruit juice,pinto fruit juice,100
89,pl,plds,plds,100
90,ho,hols,hols,100
91,ro,royal collection,royal collection,100
92,ki,kimbo,kimbo,100
93,bu,buckley's company,buckley's company,100
94,va,vale d'ouro,vale d'ouro,100
95,yu,yuan hua food dongguan,yuan hua food dongguan,100
96,la,la torrente,la torrente,100
97,fa,family,family,100
98,ea,easydo products,easydo products,100
99,su,suazo gómez,suazo gómez,100
100,bh,bhole bakery,bhole bakery,100
101,ca,cai tai,cai tai,100
102,mo,moinhos de trigo indígena motrisa,moinhos de trigo indígena motrisa,100
103,fi,filderwerkstatt,filderwerkstatt,100
104,au,auno,auno,100
105,sm,smart chem hygiene,smart chem hygiene,100
106,k ,k integrated services,k integrated services,100
107,ed,edson ramos salgados,edson ramos salgados,100
108,pe,peacock trading company,peacock trading company,100
109,ji,jing zhan food,jing zhan food,100
110,do,doubly biological technology,doubly biological technology,100
111,so,soko stark,soko stark,100
112,ha,haitong food group yuyao,haitong food group yuyao,100
113,v ,v v oil mills,v v oil mills,100
114,gl,globalia foods,globalia foods,100
115,an,ankerbräu,ankerbräu,100
116,na,naturel,naturel,100
117,co,cooperativa toledo,cooperativa toledo,100
118,ph,phayao farm coffee,phayao farm coffee,100
119,wh,white prince mushrooms,white prince mushrooms,100
120,re,reject shop,reject shop,100
121,ha,hai pa wang food,hai pa wang food,100
122,fa,fabrica de laticinios genival batista da silva,fabrica de laticinios genival batista da silva,100
123,ol,olsen's,olsen's,100
124,mo,mother sparsh baby,mother sparsh baby,100
125,kh,khee san food,khee san food,100
126,ra,ragolds,ragolds,100
127,el,eljap,eljap,100
128,na,namyang dairy,namyang dairy,100
129,al,alimentos du soleil,alimentos du soleil,100
130,ca,carbone michele c,carbone michele c,100
131,kr,kraft heinz,kraft heinz,100
132,ly,lybar,lybar,100
133,pa,paradise fruit,paradise fruit,100
134,to,top shelf beverages,top shelf beverages,100
135,7p,7pharma,7pharma,100
136,gu,guanglin,guanglin,100
137,bi,bioptik technology,bioptik technology,100
138,tt,ttonatta farm,ttonatta farm,100
139,aq,aquasel,aquasel,100
140,pa,palora exotic fruits,palora exotic fruits,100
141,al,alimentos yummy 21,alimentos yummy 21,100
142,fa,farsali,farsali,100
143,sa,sarnity cosmetics,sarnity cosmetics,100
144,dr,dr botanicals,dr botanicals,100
145,me,merafood,merafood,100
146,ed,eden foods valley,eden foods valley,100
147,pa,paquito,paquito,100
148,co,comfort industry,comfort industry,100
149,he,herb tea,herb tea,100
150,te,teslo industries,teslo industries,100
151,hi,hijiri foods,hijiri foods,100
152,ca,caracciolo,caracciolo,100
153,ca,candy people j j grouping,candy people j j grouping,100
154,gu,gu teng ge mi jing hua yuan,gu teng ge mi jing hua yuan,100
155,go,gourmet,gourmet,100
156,pe,pet care systems,pet care systems,100
157,le,letsfaceit nordic,letsfaceit nordic,100
158,co,conservas dantza,conservas dantza,100
159,ru,rudy profumi,rudy profumi,100
160,e ,e j de j coelho,e j de j coelho,100
161,di,di carilli de alimento,di carilli de alimento,100
162,po,poilâne,poilâne,100
163,ma,maui brewing,maui brewing,100
164,qu,queen products,queen products,100
165,ka,kandit,kandit,100
166,sn,snj group,snj group,100
167,fa,fair way cosmetics,fair way cosmetics,100
168,ho,hoan linh,hoan linh,100
169,cc,ccon,ccon,100
170,ca,candico,candico,100
171,ne,neer foods beverages,neer foods beverages,100
172,sa,sapra biscuit factory,sapra biscuit factory,100
173,ol,olympic hermes,olympic hermes,100
174,si,simran industrial corporation,simran industrial corporation,100
175,an,ana maria moreira,ana maria moreira,100
176,al,al maya,al maya,100
177,he,hettigoda industries,hettigoda industries,100
178,hl,hleks,hleks,100
179,bu,burca's abastecimientos,burca's abastecimientos,100
180,ha,hamdard laboratories,hamdard laboratories,100
181,bo,bo mei,bo mei,100
182,sp,sportimpex leinert,sportimpex leinert,100
183,me,meizizi honey,meizizi honey,100
184,si,singletons dairy,singletons dairy,100
185,as,ashley laine,ashley laine,100
186,sk,skandinavisk,skandinavisk,100
187,bo,bonduelle,bonduelle,100
188,ts,tsindao kanda foodstuff,tsindao kanda foodstuff,100
189,sh,shaan laboratories,shaan laboratories,100
190,qi,qindao xindalu foods,qindao xindalu foods,100
191,pu,purodent,purodent,100
192,tr,triumph disaster,triumph disaster,100
193,pa,parashop diffusion,parashop diffusion,100
194,gi,girnar food beverages,girnar food beverages,100
195,mo,monin,monin,100
196,be,bendicion de cosecha,bendicion de cosecha,100
197,so,sofidel,sofidel,100
198,ba,bai cao yuan food processing factory,bai cao yuan food processing factory,100
199,sa,sanofi,sanofi,100
200,sh,shri nirankari products,shri nirankari products,100
201,an,anna kitex,anna kitex,100
202,na,natural path,natural path,100
203,ji,jilin dongfeng aoshuang mineral beverage,jilin dongfeng aoshuang mineral beverage,100
204,sa,saeid mohammad obaid binzagr company partners,saeid mohammad obaid binzagr company partners,100
205,sh,shanghai qiudong food,shanghai qiudong food,100
206,ag,agroindústrias nobex,agroindústrias nobex,100
207,ma,maria das gracas guimaraes scoparo,maria das gracas guimaraes scoparo,100
208,ta,taylor3,taylor3,100
209,na,nature notea,nature notea,100
210,ha,happy cosmetics,happy cosmetics,100
211,in,international procurement logistics,international procurement logistics,100
212,mp,mps,mps,100
213,ce,central city brewers distillers,central city brewers distillers,100
214,in,indian foodtech,indian foodtech,100
215,3m,3m,3m,100
216,st,star distribution,star distribution,100
217,ag,aguardente e laticínios vitorina,aguardente e laticínios vitorina,100
218,re,real tasty manufacturers,real tasty manufacturers,100
219,pr,productos max,productos max,100
220,ko,kocoslab,kocoslab,100
221,ar,arco iris polpas,arco iris polpas,100
222,vg,vg handel,vg handel,100
223,vi,vittadely comércio de alimentos,vittadely comércio de alimentos,100
224,ja,jaguar land rover,jaguar land rover,100
225,b ,b r sons,b r sons,100
226,ma,mandara spa,mandara spa,100
227,ba,barilla,barilla,100
228,cl,clarks,clarks,100
229,me,merisant,merisant,100
230,de,deyu farm,deyu farm,100
231,tr,tridara,tridara,100
232,to,toby brand,toby brand,100
233,cl,cl cosmetic,cl cosmetic,100
234,ga,gamma,gamma,100
235,os,osiris,osiris,100
236,be,beyond meat,beyond meat,100
237,bi,bio collections plus,bio collections plus,100
238,l',l'antica cesta,l'antica cesta,100
239,da,dairy farm international,dairy farm international,100
240,fa,fabrika vkusa,fabrika vkusa,100
241,ko,korporatsiya di di,korporatsiya di di,100
242,ve,vesner gida ins oto paz,vesner gida ins oto paz,100
243,fu,future group,future group,100
244,sa,savio einstein,savio einstein,100
245,qi,qingdao healthy care foodstuff,qingdao healthy care foodstuff,100
246,bd,bdm,bdm,100
247,gu,guan food,guan food,100
248,me,med trade uk,med trade uk,100
249,fl,floressence,floressence,100
250,an,anderson's bottle store,anderson's bottle store,100
251,ri,rico lunch,rico lunch,100
252,ja,jarinko,jarinko,100
253,so,sokal co,sokal co,100
254,ti,tiger consumer,tiger consumer,100
255,ma,mana superfoods,mana superfoods,100
256,kr,kräutica pharma,kräutica pharma,100
257,ch,chocolate grove,chocolate grove,100
258,ma,massimex trading,massimex trading,100
259,yi,yi chun pharmaceuticals,yi chun pharmaceuticals,100
260,bi,bioucan biotechnology,bioucan biotechnology,100
261,fa,farma pafylida,farma pafylida,100
262,zw,zwicky,zwicky,100
263,mo,moutevelis,moutevelis,100
264,ke,kellogg,kellogg,100
265,fo,foodman,foodman,100
266,mo,modern metro enterprise,modern metro enterprise,100
267,we,westrock coffee,westrock coffee,100
268,dl,dlc laboratories,dlc laboratories,100
269,br,brasserie beau's,brasserie beau's,100
270,di,dian chang trading,dian chang trading,100
271,su,sural sacicc,sural sacicc,100
272,pr,proposte dolci e salate,proposte dolci e salate,100
273,de,dellos f b,dellos f b,100
274,fr,frimesa,frimesa,100
275,ya,yanbao food,yanbao food,100
276,we,weinhaus zu weimar prinz zur lippe,weinhaus zu weimar prinz zur lippe,100
277,pa,padma mekarsari,padma mekarsari,100
278,pr,productos el santafereño,productos el santafereño,100
279,ca,carlsberg,carlsberg,100
280,lu,luckiness cosmetics,luckiness cosmetics,100
281,ro,ropia,ropia,100
282,bü,bünting group,bünting group,100
283,go,godavari snacks,godavari snacks,100
284,co,cooperativa nacional de productores de leche,cooperativa nacional de productores de leche,100
285,tr,tradizioni di stabia di benvenuto,tradizioni di stabia di benvenuto,100
286,ma,marie stella maris water,marie stella maris water,100
287,ca,casamigos spirits company,casamigos spirits company,100
288,pi,pierre fabre,pierre fabre,100
289,mí,míoggí,míoggí,100
290,ja,janta beverages,janta beverages,100
291,sa,saiwengfu,saiwengfu,100
292,pa,paramount farms,paramount farms,100
293,la,larry iz food,larry iz food,100
294,pi,pick enterprises,pick enterprises,100
295,xo,xox gebäck,xox gebäck,100
296,pe,perrigo,perrigo,100
297,ja,jayavani foods,jayavani foods,100
298,iv,ivohealth,ivohealth,100
299,fo,fouring,fouring,100
300,c ,c pharmaceuticals,c pharmaceuticals,100
301,ha,hart,hart,100
302,lk,lkimex,lkimex,100
303,in,interbros,interbros,100
304,ic,ice co,ice co,100
305,or,oriion food specialties,oriion food specialties,100
306,gr,grupo delveg,grupo delveg,100
307,pa,pak national foods,pak national foods,100
308,na,natura co,natura co,100
309,pr,protrade,protrade,100
310,pr,productos naturales,productos naturales,100
311,ak,akanlar chocolate drink,akanlar chocolate drink,100
312,se,selectos el monte,selectos el monte,100
313,fa,fatay,fatay,100
314,as,asim snack,asim snack,100
315,tk,tkp,tkp,100
316,il,ilc mandara,ilc mandara,100
317,al,al mondial factory industrial food,al mondial factory industrial food,100
318,ba,bayer,bayer,100
319,ud,udder guy's ice cream,udder guy's ice cream,100
320,si,simple mills,simple mills,100
321,th,thant sin kaung,thant sin kaung,100
322,li,liquour city,liquour city,100
323,mo,monde nissin,monde nissin,100
324,bh,bhagwan food products,bhagwan food products,100
325,th,thandi wines,thandi wines,100
326,pr,professional meat processing group,professional meat processing group,100
327,te,tengelmann group,tengelmann group,100
328,ce,cerveceria de baja california,cerveceria de baja california,100
329,hr,hr personal care,hr personal care,100
330,ul,ultimate enterprise,ultimate enterprise,100
331,do,domstein sushi,domstein sushi,100
332,na,nature essential foods,nature essential foods,100
333,co,coni beauty international,coni beauty international,100
334,am,ambika marketing,ambika marketing,100
335,ac,aci foods,aci foods,100
336,gi,gift label,gift label,100
337,be,beendhi,beendhi,100
338,ch,chike nutrition,chike nutrition,100
339,f ,f ili mastrototaro food,f ili mastrototaro food,100
340,ro,rongxin brewing factory,rongxin brewing factory,100
341,sh,shoei shokuhin kogyo,shoei shokuhin kogyo,100
342,si,sinwoo dairy,sinwoo dairy,100
343,sl,slv management,slv management,100
344,ku,kuan min shen nung green products,kuan min shen nung green products,100
345,ng,nguyen thien minh,nguyen thien minh,100
346,ki,kintobi shiba,kintobi shiba,100
347,jf,jfc,jfc,100
348,si,simon c levi cosméticos e perfumes,simon c levi cosméticos e perfumes,100
349,el,elsenham water,elsenham water,100
350,ch,chee lan,chee lan,100
351,tr,trifolia,trifolia,100
352,hi,himalaya drug,himalaya drug,100
353,sa,sabor da mama temperos e condimentos,sabor da mama temperos e condimentos,100
354,an,anjan food provisions,anjan food provisions,100
355,ti,tips,tips,100
356,pf,pfp group,pfp group,100
357,am,amrapali biotech,amrapali biotech,100
358,sn,snacks bangka,snacks bangka,100
359,ge,georgios lykos,georgios lykos,100
360,ba,baxter laboratories pty ltd,baxter laboratories pty ltd,100
361,me,mel'chevskiye produkty,mel'chevskiye produkty,100
362,ro,rola,rola,100
363,im,implanew ind e com de materiais dentários,implanew ind e com de materiais dentários,100
364,c,c,c,100
365,bu,butter london,butter london,100
366,10,100 natural,100 natural,100
367,pr,productos tosti gar,productos tosti gar,100
368,eg,egrin alimentación,egrin alimentación,100
369,or,organic bee farms,organic bee farms,100
370,it,itambé,itambé,100
371,jo,john's natural juices,john's natural juices,100
372,fo,forever body care industries,forever body care industries,100
373,te,tech huat,tech huat,100
374,ro,romafe industrial,romafe industrial,100
375,ba,bahçivan,bahçivan,100
376,gr,grupo marfrig,grupo marfrig,100
377,mo,moskovsko medynskoye agropromyshlennoye predpriyatiye,moskovsko medynskoye agropromyshlennoye predpriyatiye,100
378,ph,philnery pancit canton,philnery pancit canton,100
379,di,dietética nutrición juan briales,dietética nutrición juan briales,100
380,pr,productos campus,productos campus,100
381,zr,zrm bobrovskiy,zrm bobrovskiy,100
382,to,topfood joint stock,topfood joint stock,100
383,pi,pibamour,pibamour,100
384,gl,glenilen farm,glenilen farm,100
385,ka,kangersi food,kangersi food,100
386,su,sunstar,sunstar,100
387,he,henkel,henkel,100
388,cr,craft circus manufaktur,craft circus manufaktur,100
389,xi,xie's import export,xie's import export,100
390,mi,midway labs,midway labs,100
391,he,henan dream food,henan dream food,100
392,ai,ai shi chemicals,ai shi chemicals,100
393,sa,saf argentina,saf argentina,100
394,su,sung min,sung min,100
395,ca,california rancher,california rancher,100
396,ch,chor chocolate de origem chor chocolate,chor chocolate de origem chor chocolate,100
397,xi,xiang man tang food,xiang man tang food,100
398,kl,klásterecké oplatky,klásterecké oplatky,100
399,ma,makyaj kozmetik,makyaj kozmetik,100
400,af,afficher comercial,afficher comercial,100
401,ma,manna products,manna products,100
402,co,colgate palmolive,colgate palmolive,100
403,al,aliments reinhart foods,aliments reinhart foods,100
404,pe,perusahaan dagang lama,perusahaan dagang lama,100
405,la,la juanita,la juanita,100
406,la,lailand,lailand,100
407,qu,que's lider,que's lider,100
408,fi,fino food,fino food,100
409,ai,ai si bo investment,ai si bo investment,100
410,tw,twe imports,twe imports,100
411,sa,sarl pélépol fils,sarl pélépol fils,100
412,tr,trigoprodukt,trigoprodukt,100
413,ru,rufus coco,rufus coco,100
414,al,alimentitalia,alimentitalia,100
415,to,top color,top color,100
416,ch,charcupac,charcupac,100
417,ro,ross andrew winery,ross andrew winery,100
418,vi,vinbell,vinbell,100
419,vi,vinamet,vinamet,100
420,na,national brands,national brands,100
421,vo,vodnaya kompaniya staryy istochnik,vodnaya kompaniya staryy istochnik,100
422,da,dawn food products,bhagwan food products,87
423,co,coscentrix,coscentrix,100
424,co,cold juice company,cold juice company,100
425,el,el rashidy el mizan confectionery factories,el rashidy el mizan confectionery factories,100
426,ge,genacol,genacol,100
427,cr,cristina zamora navarro,cristina zamora navarro,100
428,ti,titasix,titasix,100
429,si,simplysiti,simplysiti,100
430,se,sears holdings,sears holdings,100
431,fo,food farm sevastian moras,food farm sevastian moras,100
432,th,thai lemon foods,thai lemon foods,100
433,no,nobre ind de alim imp exp,nobre ind de alim imp exp,100
434,ca,campisi salvatore,campisi salvatore,100
435,cr,cremeria la campiña,cremeria la campiña,100
436,ec,ecotech multi foods,ecotech multi foods,100
437,bi,bio fair trade,bio fair trade,100
438,pa,pasquale pettinicchio,pasquale pettinicchio,100
439,ma,maguro,maguro,100
440,lo,lotus produtos naturais,lotus produtos naturais,100
441,mi,mintian,mintian,100
442,ch,chateau des plassons,chateau des plassons,100
443,tw,tweezerman international,tweezerman international,100
444,pu,pushpaa enterprises,pushpaa enterprises,100
445,fr,freshening industries,freshening industries,100
446,me,megmilk snow brand,megmilk snow brand,100
447,ha,haji,haji,100
448,ob,ober,ober,100
449,br,bright food group,bright food group,100
450,jo,jozo salt,jozo salt,100
451,mü,müsan food,müsan food,100
452,gu,gustavo forneck reischl,gustavo forneck reischl,100
453,an,anhai heng jia foods,anhai heng jia foods,100
454,je,jeyaveerapandia nadar bros nagapattinam,jeyaveerapandia nadar bros nagapattinam,100
455,ga,gaia,gaia,100
456,vi,vinhos duelo,vinhos duelo,100
457,di,distribuidora joaly,distribuidora joaly,100
458,gi,giovanni foodconcepts,giovanni foodconcepts,100
459,bi,bio sito,bio sito,100
460,ga,gaec marqué,gaec marqué,100
461,ni,nivant entreprise,nivant entreprise,100
462,am,amerilab technologies,amerilab technologies,100
463,wo,wonderful brands,wonderful brands,100
464,qi,qiu ping duck,qiu ping duck,100
465,gu,guangzhou baiyun darong fine chemical industry,guangzhou baiyun darong fine chemical industry,100
466,we,wei gao medicine,wei gao medicine,100
467,mi,mien nam nutrition foods,mien nam nutrition foods,100
468,bi,bija,bija,100
469,bo,boulder canyon customer service,boulder canyon customer service,100
470,ca,cai yi beauty,cai yi beauty,100
471,fo,foodinnova,foodinnova,100
472,ús,úsovsko,úsovsko,100
473,fi,fiorillo,fiorillo,100
474,ru,rubicon resources,rubicon resources,100
475,co,confiserie kathy,confiserie kathy,100
476,er,er trading,er trading,100
477,ec,echigo seika,echigo seika,100
478,ag,agro sevilla argentina,agro sevilla argentina,100
479,le,lesley stowe fine foods,lesley stowe fine foods,100
480,ar,argandia,argandia,100
481,br,brothers irvine,brothers irvine,100
482,fa,farma fotiadi,farma fotiadi,100
483,mi,minh khanh,minh khanh,100
484,ye,yeturu bio tech,yeturu bio tech,100
485,vi,vitamin well,vitamin well,100
486,ne,neiva negri,neiva negri,100
487,bh,bharti retail,bharti retail,100
488,on,ondoor concepts,ondoor concepts,100
489,ca,casademont 1956 meat,casademont 1956 meat,100
490,fi,first aid research,first aid research,100
491,pr,provence tradition,provence tradition,100
492,gr,green gold gourmet food products,green gold gourmet food products,100
493,ta,ta hua shennong biotechnology,ta hua shennong biotechnology,100
494,he,health co,health co,100
495,ru,rupari food services,rupari food services,100
496,v ,v f rajasathan,v f rajasathan,100
497,pd,pd charmindo sempana,pd charmindo sempana,100
498,el,el morjane europe,el morjane europe,100
499,co,colanta,colanta,100
500,do,doña lucha,doña lucha,100
501,ca,carlson laboratories,carlson laboratories,100
502,ac,aceitunas treguear,aceitunas treguear,100
503,er,ergun cikolata gofret ciklet gida san,ergun cikolata gofret ciklet gida san,100
504,go,goiasminas indústrias de laticínios,goiasminas indústrias de laticínios,100
505,ev,evergrande spring,evergrande spring,100
506,pr,pronamed,pronamed,100
507,mo,mondelez international,mondelez international,100
508,re,renk kozmetik,renk kozmetik,100
509,sa,saida group,saida group,100
510,wh,white field,white field,100
511,es,estmar bakery,estmar bakery,100
512,fr,fruit nation,fruit nation,100
513,3b,3bears foods,3bears foods,100
514,ca,camenae cosmetics,camenae cosmetics,100
515,sm,smart pharmaceuticals proprietary,smart pharmaceuticals proprietary,100
516,ja,jalaram gruh udhyog,jalaram gruh udhyog,100
517,om,omved lifestyle,omved lifestyle,100
518,li,livingcos,livingcos,100
519,ba,balcho agro product,balcho agro product,100
520,sw,swiss herbal remedies,swiss herbal remedies,100
521,al,alpaya dermaceuticals,alpaya dermaceuticals,100
522,be,beauty charm intl,beauty charm intl,100
523,ab,absudei soaps pvt,absudei soaps pvt,100
524,ji,jie pin food,jie pin food,100
525,el,el emporio de éxito,el emporio de éxito,100
526,la,la chocolaterie des pères trappistes de mistassini,la chocolaterie des pères trappistes de mistassini,100
527,am,amyson,amyson,100
528,bo,boulangerie,boulangerie,100
529,ar,ardale international ail,ardale international ail,100
530,ca,carla's pasta,carla's pasta,100
531,th,thien,thien,100
532,te,technology earth chemical,technology earth chemical,100
533,me,meriba águas minerais,meriba águas minerais,100
534,ra,rau,rau,100
535,ri,rich ruitz perfumes industry,rich ruitz perfumes industry,100
536,vi,vitafoods,vitafoods,100
537,gr,grupo bimbo,grupo bimbo,100
538,4p,4p pharma promotion pharmaceutical plus,4p pharma promotion pharmaceutical plus,100
539,sm,smile nano,smile nano,100
540,sk,skeeter snacks,skeeter snacks,100
541,ch,chien huong,chien huong,100
542,he,hermitage brewing,hermitage brewing,100
543,ah,ahumados gimar,ahumados gimar,100
544,in,indústrias reunidas flamboyant brasil,indústrias reunidas flamboyant brasil,100
545,nh,nhat viet cosmetics,nhat viet cosmetics,100
546,sn,snack dua putri,snack dua putri,100
547,ra,radiant consumer appliances,radiant consumer appliances,100
548,le,lekker barkery,lekker barkery,100
549,ti,tien phat,tien phat,100
550,xi,xinfan foods,xinfan foods,100
551,be,beautiful,beautiful,100
552,mc,mccain foods,mccain foods,100
553,bi,bistrotea,bistrotea,100
554,le,les vergers leahy orchards,les vergers leahy orchards,100
555,la,la especiera del norte,la especiera del norte,100
556,ao,aodong food development,aodong food development,100
557,ro,royal pet,royal pet,100
558,do,dong tam,dong tam,100
559,ad,adady global industries,adady global industries,100
560,we,weckerle,weckerle,100
561,ch,charoen pokphand,charoen pokphand,100
562,la,laboratorio dicofar,laboratorio dicofar,100
563,ba,bai wei lin,bai wei lin,100
564,co,consum,consum,100
565,be,beauty herbs,beauty herbs,100
566,ho,hot produktions vertrieb,hot produktions vertrieb,100
567,he,healthier tastier foods,healthier tastier foods,100
568,if,ifantis,ifantis,100
569,zo,zoogestión,zoogestión,100
570,ne,nevskiye berega,nevskiye berega,100
571,se,seattle popcorn,seattle popcorn,100
572,we,well farm net,well farm net,100
573,si,sita shree food products,sita shree food products,100
574,ho,honestlyphresh,honestlyphresh,100
575,ma,maka,maka,100
576,du,dulfix,dulfix,100
577,ka,kaserei hoflmaier co,kaserei hoflmaier co,100
578,hi,hiper massas,hiper massas,100
579,eu,eurochamp,eurochamp,100
580,si,sichuan jiuda salbes daily chemical,sichuan jiuda salbes daily chemical,100
581,ge,germy wormy,germy wormy,100
582,pr,provida naturkosmetik,provida naturkosmetik,100
583,ha,hasbro,hasbro,100
584,pe,pegaso,pegaso,100
585,in,industrias beter,industrias beter,100
586,du,durable packaging international,durable packaging international,100
587,da,daniel detergents,daniel detergents,100
588,lv,lvmh,lvmh,100
589,te,temple turmeric,temple turmeric,100
590,po,ponce benzo,ponce benzo,100
591,do,doshirak koya,doshirak koya,100
592,de,deji pharmaceutical,deji pharmaceutical,100
593,ba,banana sol,banana sol,100
594,yo,young chemical vina,young chemical vina,100
595,fl,flexipak,flexipak,100
596,bi,biovena health,biovena health,100
597,ji,jinx beverage,jinx beverage,100
598,ju,juhel,juhel,100
599,la,la doria,la doria,100
600,mo,morning foods,morning foods,100
601,in,inversiones nasketa,inversiones nasketa,100
602,ru,ruchi infrastructure,ruchi infrastructure,100
603,us,us cotton,us cotton,100
604,fo,food,food,100
605,so,solivary trade,solivary trade,100
606,l',l'oréal,l'oréal,100
607,gu,guy kremer,guy kremer,100
608,ho,honesty brothers trading,honesty brothers trading,100
609,ho,hosta,hosta,100
610,re,revolution nutrition,revolution nutrition,100
611,mo,mother made agro foods,mother made agro foods,100
612,lu,lunchsters,lunchsters,100
613,pa,panificadora loma hermosa,panificadora loma hermosa,100
614,bo,bonkers performance teas,bonkers performance teas,100
615,al,alimentos sucris,alimentos sucris,100
616,ma,marquis de la pomme,marquis de la pomme,100
617,hu,humberto tadeu fortunato,humberto tadeu fortunato,100
618,la,labibico,labibico,100
619,ha,hai fei cosmetics,hai fei cosmetics,100
620,wh,wholesome habits,wholesome habits,100
621,on,onetech,onetech,100
622,si,sister food,sister food,100
623,ti,tien thang,tien thang,100
624,sn,snackpack,snackpack,100
625,hu,hua wang brewing,hua wang brewing,100
626,ad,admiral industries,admiral industries,100
627,mr,mrs bector's food specialities,mrs bector's food specialities,100
628,so,son king enterprises,son king enterprises,100
629,sh,shantou danna cosmetics co,shantou danna cosmetics co,100
630,kb,kb foods comércio imp e exp de alimentos,kb foods comércio imp e exp de alimentos,100
631,ci,cipta boga sehat,cipta boga sehat,100
632,sr,sri vinayaka marketers,sri vinayaka marketers,100
633,ke,ker's company usa,ker's company usa,100
634,el,elsharnoby,elsharnoby,100
635,do,donargopostavka,donargopostavka,100
636,fo,foreo,foreo,100
637,re,revalfarma,revalfarma,100
638,la,la belle chaurienne,la belle chaurienne,100
639,co,coty,coty,100
640,pe,pernambuquinha,pernambuquinha,100
641,xi,xinxing county lian sheng food,xinxing county lian sheng food,100
642,g ,g g f ind com e exp de alimentos saudáveis,g g f ind com e exp de alimentos saudáveis,100
643,an,anzalp herbal products,anzalp herbal products,100
644,go,goldthread herbs,goldthread herbs,100
645,ta,tasha's,tasha's,100
646,bo,bodegas peru,bodegas peru,100
647,as,asia soft drink factory,asia soft drink factory,100
648,ro,rose cosmetics,rose cosmetics,100
649,gi,git'man,git'man,100
650,ha,hannah,hannah,100
651,ka,kang zi lang,kang zi lang,100
652,gi,giong cay trong con nuoi ninh binh,giong cay trong con nuoi ninh binh,100
653,so,soja food,soja food,100
654,no,north american herb spice,north american herb spice,100
655,pa,panela tradición del campo,panela tradición del campo,100
656,ka,kaufland,kaufland,100
657,br,brooklyn bottling,brooklyn bottling,100
658,gl,global exim,global exim,100
659,he,heng run shi operations management,heng run shi operations management,100
660,ki,kim huong,kim huong,100
661,db,dbk,dbk,100
662,fe,ferme d'ana soiz gaec la ferme de meul'n st melaine,ferme d'ana soiz gaec la ferme de meul'n st melaine,100
663,en,enbios,enbios,100
664,ka,kaung htet,kaung htet,100
665,no,nopphada product,nopphada product,100
666,ez,eztikidetza,eztikidetza,100
667,rg,rg brothers,rg brothers,100
668,ho,honeyletter productions,honeyletter productions,100
669,so,sol minas alimentos,sol minas alimentos,100
670,fr,fridal,fridal,100
671,ma,marco viti farmaceutici,marco viti farmaceutici,100
672,ph,phoenix monopol,phoenix monopol,100
673,ke,kemm 1782 hamburg,kemm 1782 hamburg,100
674,ma,mai daily,mai daily,100
675,on,one moon,one moon,100
676,dr,dr berg tiernahrung,dr berg tiernahrung,100
677,ra,ranona,ranona,100
678,fa,famous household products,famous household products,100
679,bo,boehringer ingelheim,boehringer ingelheim,100
680,wi,wine spirit international,wine spirit international,100
681,bi,bio tree biotechnology,bio tree biotechnology,100
682,gr,greco,greco,100
683,bo,bon bon,bon bon,100
684,ju,ju fu xian food,ju fu xian food,100
685,sk,skin lab,skin lab,100
686,ch,chen shi mi zong agriculture development,chen shi mi zong agriculture development,100
687,zh,zhongshan zhujiang beverage company,zhongshan zhujiang beverage company,100
688,ek,ekodivo,ekodivo,100
689,gu,guangzhou ourdarb biology beauty health technical development,guangzhou ourdarb biology beauty health technical development,100
690,mc,mc essentials sdn,mc essentials sdn,100
691,be,belcam,belcam,100
692,es,establecimientos colonia,establecimientos colonia,100
693,fl,floria cosmetics,floria cosmetics,100
694,ch,cheil food 1,cheil food 1,100
695,za,zaklady chemiczne emichem,zaklady chemiczne emichem,100
696,la,lassie,lassie,100
697,ji,jin kui food technology,jin kui food technology,100
698,ch,charmfre,charmfre,100
699,wi,wings,wings,100
700,my,mylan,mylan,100
701,ne,newage,newage,100
702,su,sun group prosperity,sun group prosperity,100
703,co,cosmetic dermatology,cosmetic dermatology,100
704,ja,jaks indústria e comércio de papel,jaks indústria e comércio de papel,100
705,mi,milk treyd plyus,milk treyd plyus,100
706,df,dfg,dfg,100
707,st,story love cosmetics,story love cosmetics,100
708,la,la phocéenne de cosmétique,la phocéenne de cosmétique,100
709,al,alma k,alma k,100
710,co,coca cola company,coca cola company,100
711,na,namman baby products,namman baby products,100
712,cr,creminelli fine meats,creminelli fine meats,100
713,sh,shizuren food technology,shizuren food technology,100
714,he,helona,helona,100
715,co,compañía de elaborados del mar celdemar,compañía de elaborados del mar celdemar,100
716,di,dias pastorinho,dias pastorinho,100
717,vi,videlli indústria de produtos cosméticos,videlli indústria de produtos cosméticos,100
718,ma,manjilas rice mill,manjilas rice mill,100
719,tr,true nature,true nature,100
720,na,nahdi medical,nahdi medical,100
721,ka,kangdashi household products,kangdashi household products,100
722,ot,otentik sambal,otentik sambal,100
723,fr,fresh foods manufacturing,fresh foods manufacturing,100
724,co,comércio de cereais areia branca,comércio de cereais areia branca,100
725,ny,nyakers pepparkakor,nyakers pepparkakor,100
726,en,engenho novo alimentos,engenho novo alimentos,100
727,ic,icelandic seachill,icelandic seachill,100
728,gm,gm breweries limited,gm breweries limited,100
729,la,laboratoire biophytarom,laboratoire biophytarom,100
730,gr,grounded body scrub,grounded body scrub,100
731,ko,koukla delights,koukla delights,100
732,os,osm grodzisk mazowieckl,osm grodzisk mazowieckl,100
733,an,anatolia konservecilik tarim urunleri gida sanayi ticaret,anatolia konservecilik tarim urunleri gida sanayi ticaret,100
734,ch,chipper snacker,chipper snacker,100
735,pa,palm breweries,palm breweries,100
736,be,bergen,bergen,100
737,ha,hans klotz,hans klotz,100
738,lá,lácteos duman,lácteos duman,100
739,wi,wing wah foods,wing wah foods,100
740,ti,titiz,titiz,100
741,ch,christian potier,christian potier,100
742,ha,halwani bros,halwani bros,100
743,am,ammac ind e com de alimentos,ammac ind e com de alimentos,100
744,in,industria procesadora de alimentos venezolanos,industria procesadora de alimentos venezolanos,100
745,im,import export,import export,100
746,go,gotitapak,gotitapak,100
747,re,rendezvous restaurant,rendezvous restaurant,100
748,in,indezi,indezi,100
749,la,laboratorios l'mar,laboratorios l'mar,100
750,ta,tajini,tajini,100
751,sp,splintek,splintek,100
752,á ,á dông,á dông,100
753,mu,multipack nsw pty ltd,multipack nsw pty ltd,100
754,ar,arpea fruit,arpea fruit,100
755,ha,hanbitfood,hanbitfood,100
756,go,goel overseas,goel overseas,100
757,we,welburn candles,welburn candles,100
758,co,coop chico mendes moderna,coop chico mendes moderna,100
759,gr,green light,green light,100
760,sh,shi ya da biotechnology,shi ya da biotechnology,100
761,st,stafford bros draeger,stafford bros draeger,100
762,pa,pastificio di ni,pastificio di ni,100
763,co,coop danmark,coop danmark,100
764,le,leeuwenkuil,leeuwenkuil,100
765,st,stabilimento di capoorise,stabilimento di capoorise,100
766,fr,freiberger brauhaus,freiberger brauhaus,100
767,ce,cedar lake,cedar lake,100
768,so,sociedad mexicana de parrilleros,sociedad mexicana de parrilleros,100
769,co,cokoládovny fikar,cokoládovny fikar,100
770,et,eternal,eternal,100
771,li,limpol,limpol,100
772,dq,dqy poultry,dqy poultry,100
773,ko,konditerskaya fabrika saratovskaya,konditerskaya fabrika saratovskaya,100
774,le,lechera andina,lechera andina,100
775,sp,spartan beverages,spartan beverages,100
776,ca,carrs foods international,carrs foods international,100
777,gr,groupe bellakhdar,groupe bellakhdar,100
778,ch,chheda specialities foods,chheda specialities foods,100
779,zd,zdravo organic,zdravo organic,100
780,pi,pierre de segonzac,pierre de segonzac,100
781,al,alpha confectionery,alpha confectionery,100
782,pa,pannon fine food,pannon fine food,100
783,bo,bolgrads'kyy syrorobnyy zavod,bolgrads'kyy syrorobnyy zavod,100
784,or,oriji natural food,oriji natural food,100
785,kn,kneipp,kneipp,100
786,za,zaklady wyrobow cukierniczych mis,zaklady wyrobow cukierniczych mis,100
787,ha,handl tyrol,handl tyrol,100
788,bo,bountiful,bountiful,100
789,ch,champiñones monteblanco,champiñones monteblanco,100
790,mo,molson coors brewing,molson coors brewing,100
791,ma,matua wines,matua wines,100
792,bi,biscuiterie augereau,biscuiterie augereau,100
793,un,uncle bill trading,uncle bill trading,100
794,ji,ji shi da foods,ji shi da foods,100
795,ju,jungsaemmool beauty co,jungsaemmool beauty co,100
796,al,alimentos ulas gourmet,alimentos ulas gourmet,100
797,ho,holstein vin mat,holstein vin mat,100
798,ff,ff frisch fleisch,ff frisch fleisch,100
799,ta,taotaoju bite sup corporation,taotaoju bite sup corporation,100
800,la,lalah indian spices food,lalah indian spices food,100
801,ma,master zhao,master zhao,100
802,to,toshihiro matsuda,toshihiro matsuda,100
803,bi,bioray,bioray,100
804,bi,biokarpos,biokarpos,100
805,in,indo beras unggul,indo beras unggul,100
806,co,coach house nougat company,coach house nougat company,100
807,qi,qiu xiang foods,qiu xiang foods,100
808,ma,maione industria alimentare,maione industria alimentare,100
809,ta,taipei noodle shop,taipei noodle shop,100
810,f ,f jones exporters ceylon,f jones exporters ceylon,100
811,bo,bontà emiliane,bontà emiliane,100
812,cf,cfc hospitality,cfc hospitality,100
813,el,elliott's meats,elliott's meats,100
814,sl,sleep rollers,sleep rollers,100
815,ma,maria del socorro magallanes luna,maria del socorro magallanes luna,100
816,ag,aguarela mundo,aguarela mundo,100
817,pa,pasticceria santangelo,pasticceria santangelo,100
818,tr,transmeri,transmeri,100
819,bi,biscottificio cervo,biscottificio cervo,100
820,jy,jyothy laboratories,jyothy laboratories,100
821,pr,proactiv company,proactiv company,100
822,pr,procter gamble,procter gamble,100
823,ro,rong tang tea leaf,rong tang tea leaf,100
824,c ,c hungary,c hungary,100
825,la,la aldea,la aldea,100
826,fr,fruu,fruu,100
827,ho,hongkong seko intl trading,hongkong seko intl trading,100
828,öz,özvan tandir firini,özvan tandir firini,100
829,ma,maria fernanda pinto mamede,maria fernanda pinto mamede,100
830,ma,marisca,marisca,100
831,ja,jai ambe food products,jai ambe food products,100
832,gi,givanas cosmetics,givanas cosmetics,100
833,nu,nuo histoire naturelle bio technology,nuo histoire naturelle bio technology,100
834,mo,moosmed,moosmed,100
835,re,reckitt benckiser,reckitt benckiser,100
836,vi,vietphap victory,vietphap victory,100
837,le,les grandes serres,les grandes serres,100
838,pu,pure product,pure product,100
839,go,gold's pure foods,gold's pure foods,100
840,ip,iper,iper,100
841,st,stellar winery,stellar winery,100
842,yo,yongda halal food,yongda halal food,100
843,cr,creative pets,creative pets,100
844,sc,sca,sca,100
845,ar,aroma cosmetica,aroma cosmetica,100
846,sa,sampco,sampco,100
847,pr,pro pet koller,pro pet koller,100
848,am,amanda seafood,amanda seafood,100
849,ce,ceres resources,ceres resources,100
850,ça,çalli çalli,çalli çalli,100
851,uv,uvic,uvic,100
852,tj,tjesteninka,tjesteninka,100
853,co,complete natural nutrition,complete natural nutrition,100
854,bl,bleach products,bleach products,100
855,in,inalim,inalim,100
856,wa,waterloo brewing,waterloo brewing,100
857,un,unilever,unilever,100
858,dr,dr pepper snapple group,dr pepper snapple group,100
859,pi,pingyang kongyang pet producta,pingyang kongyang pet producta,100
860,dr,dropkaffe food beverages,dropkaffe food beverages,100
861,ko,konsul'tatsiyne naukovo vyrobnyche pidpryyemstvo yod,konsul'tatsiyne naukovo vyrobnyche pidpryyemstvo yod,100
862,ko,koiviston korpputehdas,koiviston korpputehdas,100
863,ca,carslan,carslan,100
864,fl,flavour tech,flavour tech,100
865,er,eredeti ziegler ostya,eredeti ziegler ostya,100
866,li,lion corporation,lion corporation,100
867,gl,glockengold fruchtsaft,glockengold fruchtsaft,100
868,he,hesperus marketing,hesperus marketing,100
869,pu,puig beauty fashion group,puig beauty fashion group,100
870,ge,gelpharma,gelpharma,100
871,ös,östman trading,östman trading,100
872,ri,rialto indústria alimentar,rialto indústria alimentar,100
873,de,delicatesse,delicatesse,100
874,ma,marhaba laboratories,marhaba laboratories,100
875,wo,woodinville wine cellars,woodinville wine cellars,100
876,fa,fai fong bakery,fai fong bakery,100
877,p ,p laboratories,dlc laboratories,87
878,sa,sang som,sang som,100
879,gu,gutes von der reichenau,gutes von der reichenau,100
880,co,coquet,coquet,100
881,gr,groupe doux,groupe doux,100
882,vi,vinovalie,vinovalie,100
883,ob,obil,obil,100
884,ne,nexcite,nexcite,100
885,in,indústria de massas alimentícias itapema,indústria de massas alimentícias itapema,100
886,ge,georg biosystemy,georg biosystemy,100
887,nu,nuvision pharmaceuticals,nuvision pharmaceuticals,100
888,ma,made drinks,made drinks,100
889,el,el barka,el barka,100
890,mi,miwami,miwami,100
891,ag,agricola casearia lupara,agricola casearia lupara,100
892,cu,cutie pie,cutie pie,100
893,en,en ji li trading,en ji li trading,100
894,am,american dental supply,american dental supply,100
895,si,silas industrial trading,silas industrial trading,100
896,al,albatha consumer group,albatha consumer group,100
897,zi,zino davidoff,zino davidoff,100
898,al,alani nutrition,alani nutrition,100
899,az,azad agro traders,azad agro traders,100
900,do,dobrodiya fudz,dobrodiya fudz,100
901,co,cow shed credition dairy limited,cow shed credition dairy limited,100
902,pa,pari,pari,100
903,ka,kashmir walnuts,kashmir walnuts,100
904,io,iovate health sciences international,iovate health sciences international,100
905,ve,vegetarians choice,vegetarians choice,100
906,me,mei production,mei production,100
907,to,tout food industries,tout food industries,100
908,bi,bio3,bio3,100
909,k ,k z foods,k z foods,100
910,go,gomez caro,gomez caro,100
911,in,indian coffee alliance,indian coffee alliance,100
912,gb,gbg beauty,gbg beauty,100
913,pl,plinio fernandes confeitaria dona alzira salgados,plinio fernandes confeitaria dona alzira salgados,100
914,ne,neilar ind e com de alimentos,neilar ind e com de alimentos,100
915,wo,wood's pure maple syrup,wood's pure maple syrup,100
916,gp,gpv,gpv,100
917,na,nao global,nao global,100
918,ex,excellent victory cosmetics,excellent victory cosmetics,100
919,wh,white house foods,white house foods,100
920,ch,chayka,chayka,100
921,bo,bodegas santa silvia,bodegas santa silvia,100
922,fo,foursquare distillery,foursquare distillery,100
923,so,sorveteria regina,sorveteria regina,100
924,el,el paradis,el paradis,100
925,k ,k p proud bakery,k p proud bakery,100
926,ku,kuo hsiang,kuo hsiang,100
927,as,asia preserved food,asia preserved food,100
928,sa,sagacity investment,sagacity investment,100
929,en,encantador prodepanes,encantador prodepanes,100
930,la,lacofar,lacofar,100
931,go,goblin foods,goblin foods,100
932,or,orkla group,orkla group,100
933,sl,sliced spiced,sliced spiced,100
934,an,antonia elizarraraz esquivel,antonia elizarraraz esquivel,100
935,ex,excellence food biochemical,excellence food biochemical,100
936,ca,carnes derivados de occidente,carnes derivados de occidente,100
937,yu,yun ying bao technology,yun ying bao technology,100
938,ch,chang jin,chang jin,100
939,pi,pinnacle pharmaceuticals,pinnacle pharmaceuticals,100
940,po,pomidorprom,pomidorprom,100
941,as,assegnatari associati arborea,assegnatari associati arborea,100
942,ar,arche cosmetics,arche cosmetics,100
943,si,sing yu group,sing yu group,100
944,ge,genesis foods,genesis foods,100
945,ca,campo verde distribuidora de gêneros alimentícios,campo verde distribuidora de gêneros alimentícios,100
946,ca,camorak,camorak,100
947,es,esquare food products,esquare food products,100
948,go,goldmilk,goldmilk,100
949,mi,miracle aloe,miracle aloe,100
950,mo,mountain peak pet treats,mountain peak pet treats,100
951,ki,kingodo snack,kingodo snack,100
952,ji,jin fu technology foods,jin fu technology foods,100
953,li,lifeforce foods,lifeforce foods,100
954,ag,agrícola austral,agrícola austral,100
955,no,nonique sports progress int,nonique sports progress int,100
956,si,sichuan chengdu jingong flavoring co,sichuan chengdu jingong flavoring co,100
957,ki,kitl,kitl,100
958,ro,royal bel leerdammer,royal bel leerdammer,100
959,ji,jiang xi hua da chang foodstuffs,jiang xi hua da chang foodstuffs,100
960,ot,others,others,100
961,sa,salix animal health,salix animal health,100
962,fo,forno della rotonda,forno della rotonda,100
963,tr,trigorico,trigorico,100
964,kr,kronos foods,kronos foods,100
965,ch,chäshütte,chäshütte,100
966,di,die bergkelder,die bergkelder,100
967,ch,chaih hoy products,chaih hoy products,100
968,my,mysmart foods,mysmart foods,100
969,to,tower,tower,100
970,ms,ms komal gala,ms komal gala,100
971,we,well,well,100
972,gr,groco food,groco food,100
973,in,inspec international,inspec international,100
974,or,ora,ora,100
975,pa,panetto alimentos,panetto alimentos,100
976,sw,switsbake int,switsbake int,100
977,wi,wilke waldecker fleisch und wurstwaren,wilke waldecker fleisch und wurstwaren,100
978,ra,raw earth sweetener co,raw earth sweetener co,100
979,ml,mljekara biz,mljekara biz,100
980,nu,nutrhouse alimentos,nutrhouse alimentos,100
981,ju,jurlingo,jurlingo,100
982,cr,crisbiss,crisbiss,100
983,xa,xa phong ha noi,xa phong ha noi,100
984,se,seabear,seabear,100
985,im,imt food services,imt food services,100
986,sh,shantinath detergents,shantinath detergents,100
987,li,lit cosmetics,lit cosmetics,100
988,go,gopal mistanno vander,gopal mistanno vander,100
989,na,nature's love,nature's love,100
990,fr,french fries,french fries,100
991,na,namir,namir,100
992,br,brasília produtos naturais,brasília produtos naturais,100
993,ar,arabian oud,arabian oud,100
